نام فروشگاه,نام صاحب مغازه,نام استان,آدرس,موبایل‌ها,تلفن‌ها
فروشگاه مدرن (آقای ریشهری),با امکان نصب در محل,077,بوشهر، شهرستان دشتستان، شهر برازجان، خیابان مصطفی خمینی (بنیاد مسکن),09173703801,
فروشگاه احمدی,آقای احمدی,آذربایجان شرقی,مراغه، کمربند شرقی,09149211981,
فروشگاه باطری‌سازی احمدزاده,آقای احمدزاده,آذربایجان شرقی,تبریز، ایلخچی، خیابان امام خمینی، خیابان صائب شمالی,09144186341,
فروشگاه درفشی,آقای درفشی,آذربایجان شرقی,تبریز، خیابان قطران شمالی، خیابان انصاری‌فرد، پلاک 108,09143157740,
شرکت رسانا صنعت,آقای خادمی,آذربایجان غربی,بوکان، خیابان ترجانی‌زاده، نبش کوچه شیلان 10,"09184461956, 09183846804",
فروشگاه آرین,آقای حسن نژاد,آذربایجان غربی,سردشت، خیابان شهید علی‌پور، انتهای بلوار,09143442392,
فروشگاه دزدگیر کاوه,آقای ابراهیمی نژاد,آذربایجان غربی,مهاباد، خیابان توانیر,"09142002417, 09144422417",04442451909
فروشگاه رادیو آوا,آقایان رضایی و عیوض‌زاده,آذربایجان غربی,ارومیه، خیابان ابوذر، جنب کوچه 21,09149355592,
فروشگاه رادیوپخش صادق‌پور,آقای صادق‌پور,آذربایجان غربی,میاندوآب، کمربندی جنوبی، روبه‌روی اداره‌ مخابرات,09144811273,04445228524
فروشگاه لوکس اتومبیل نادر,آقای عرفان نبی‌یار,آذربایجان غربی,نقده، بلوار بهشتی (خیابان مهاباد)، جنب سرداران,"09149854686, 09145405345",04435633331
فروشگاه لوکس اسپرت ایل تک,آقای حسن سلامتی,آذربایجان غربی,ارومیه، اول خیابان خرمشهر، نبش کوچه اول,09147237065,04432760702
فروشگاه لوکس اسپرت مهرابی,آقای عرفان مهرابی,آذربایجان غربی,ارومیه، خیابان جانبازان (استاد برزگر)، نبش کوی ۴,09331419101,
فروشگاه تزئینات تهران روکش (آقای احمدی),با امکان نصب در محل,اردبیل,اردبیل، خیابان جام جم، پشت بازارچه شهرداری,09144537589,
اسپرت مارال,آقای قربانی,اصفهان,اصفهان، خیابان صغیر، جنب تعمیرگاه شاهی,,"09132047191, 03132263424"
فروشگاه اسپرت استریو فوژان,آقای رسول هارونی,اصفهان,اصفهان، بین پل فلزی و چهارراه حکیم نظامی، روبه‌روی کوچه 3,09132016764,
فروشگاه اسپرت رنوس,آقای مهدی اکبری,اصفهان,خیابان بعثت، خیابان فلاطوری، جنب تقاطع دوم,,"09134426616, 03135683241"
فروشگاه اسپرت مدرن,مهدی الماسی زفره,اصفهان,اصفهان، پل چمران، خیابان 5 آذر، نبش کوچه 5,09136282610,
فروشگاه اسپرت نقش جهان,آقای ترابی,اصفهان,اصفهان، شهرستان مبارکه، بلوار شهید نیکبخت، جنب پل رودخانه شور,09132354933,
فروشگاه اسپرت پدیده,آقای رضا سمیعی فراهانی,اصفهان,اصفهان، ملک‌شهر، رباط سوم، قبل از چهارراه بهار، نبش کوچه 30,09133693669,
فروشگاه ایمن شهر,آقای دوست محمدی,اصفهان,بویین میاندشت، بلوار امام حسین، روبه‌روی اداره برق,09139745979,
فروشگاه تیونینگ 44,آقای بلوچی,اصفهان,اصفهان، لنجان، زرین‌شهر، خیابان حافظ، روبه‌روی کالای برق زمانیان,09131392124,
فروشگاه ثانی پلاس,آقای ملاحسینی,اصفهان,اصفهان، خیابان صغیر، نبش کوچه 16,09130100420,
فروشگاه دزدگیر امیررضا,آقای تقی علیخانی,اصفهان,شمال شرق اصفهان، پایگاه هوایی شهید بابایی، مجتمع تعمیرگاهی فجر، غرفه 16,"0912-0309066, 0936-4360241",
فروشگاه مجید (با امکان نصب در محل),آقای مجید صادق زاده,اصفهان,اصفهان، چهارراه عسگریه، خیابان صغیر اصفهانی، فروشگاه مرکزی کلاسیک (مرکزشهر),09129157004,
فروشگاه مرکزی کلاسیک (دفتر پخش استان),آقای مهدی موذنی,اصفهان,اصفهان، خیابان صغیر اصفهانی، داخل کوچه شماره 16,,03132284100
فروشگاه کلینیک آرن,آقای رهنما,اصفهان,شهر ابریشم، بلوار الغدیر، 50 متر بعد از کوچه 61,0913-9168229,
نصاب,آقای محمد موذنی,اصفهان,اصفهان,09131654393,
نصاب,آقای مجتبی رجائی,اصفهان,اصفهان، خیابان جی (شرق اصفهان)، هتل نگین جی,09134355340,
نصاب,میلاد آهنگرزاده,اصفهان,جنوب غرب اصفهان، محدوده بلوار کشاورز، سه‌راه سیمین,09132187768,
خدمات برق نارنجی,آقای قاسمی,البرز,کرج، خیابان شهربانی، خیابان شریعتی، جنب سازمان آب، رو‌به‌روی پارک طلوع,09194626508,
فروشگاه آریا سیستم,آقای محمد خان‌محمدی,البرز,کرج، 3 باندی گوهردشت، روبه‌روی درب اصلی پارک، جنب فروشگاه لوستر فرهنگ,09127676810,
فروشگاه اتو لوکس بهزاد,آقای بهزاد کیوانی,البرز,گرمدره شمالی، خیابان شهدای شرقی، پلاک 97,09124953659,
فروشگاه اسپرت علی,آقای مرادی,البرز,گرمدره، ابتدای بلوار امیرآباد، روبه‌روی مسجد جامع,09197590529,
فروشگاه اسپرت نادر,آقای اسماعیلی,البرز,کرج، 45 متری گلشهر، مابین بهار و بنفشه,09198083538,
فروشگاه تاپ اسپرت امیر,آقای محبعلی,البرز,کرج، میدان امام حسین، ابتدای بلوار چمران، به‌سمت عظیمیه، جنب نمایشگاه اتومبیل فروزان,09122630794,02632815884
فروشگاه تولدو سیستم,آقای محمد دادخواه,البرز,کرج، میدان امام حسین، خیابان صدوقی، بعد از مخابرات، روبه‌روی مدرسه فرزانگان 2، پلاک 157,09354645127,02632817844
فروشگاه تیونینگ پارسا,آقای مهدی بهزادی,البرز,کرج، چهارراه هفت تیر، بلوار بلال، بعد از شهرداری مرکز، جنب آژانس امیر,09335248711,
فروشگاه جمشید,آقای جمشید احمدی,البرز,کرج، خیابان دانشکده، پاساژ دانشکده، طبقه اول (بالای همکف)، پلاک 42,09120938223,02632250654
فروشگاه خدمات اتومبیل علی,آقای لامعی,البرز,کرج، خیابان برغان، کوچه مدرسه مهاجر,,09363743343
فروشگاه دزدگیر 2020,آقای یوسف رمضانی,البرز,هشتگرد، خیابان امام، جنب بیمارستان تأمین اجتماعی,09012537544,02644233236
فروشگاه ضرغامی,آقای فردین ضرغامی,البرز,کرج، 45 متری گلشهر، بین خیابان حسن‌زاده و اسفند غربی، جنب پروتئین یاس,09375633386,02634657634
فروشگاه عرفان تیونینگ,آقای وحید ابراهیمی,البرز,کرج، ساسانی، قبل از زیرگذر سمت راست، نبش خیابان صالحی,09378773687,02632801636
فروشگاه لوکس اتومیبل رضا,آقای رضا قزلباش,البرز,مشکین‌دشت، خیابان هدایت کار، بعد از پمپ بنزین حسینی، به‌سمت محمدشهر، نبش کوچه میلاد یک و نثر,09120935944,
فروشگاه لوکس علی,آقای صمدی,البرز,کرج، چهارراه کارخانه قند، به‌سمت هفت تیر، جنب کوچه پناهی,09124616248,
فروشگاه نگین غرب,آقای سلیمانی,البرز,کرج، عظیمیه، 45 متری کاج، نبش چهارراه نیکنژادی، جنب کبابی ملی ایران,09125650572,
فروشگاه هدلایت مارکت فردیس,آقای سیستانی,البرز,فردیس، سه‌راه حافظیه، خیابان داوری، 50 متر بعد از بیمه تامین اجتماعی,"09124338122, 09355820884",
فروشگاه پایونیر,آقای اصغر آذرنیا,البرز,کرج، فردیس، خیابان اهری، نبش نسترن 110، فروشگاه پایونیر,"09358316212, 09122608171",02636604737
فروشگاه اتولوکس 110,آقای سعدالله شکری,ایلام,ایلام، بلوار شهید بهشتی، فروشگاه اتولوکس 110,09393725693,
دفتر پخش جام جم,آقای آرمانی,تهران,تهران، تهران‌پارس، خیابان 196 شرقی، بین 133 و 135,"09123202907, 09393263433","02177149268, 02177336632"
فروشگاه آراز اسپرت,آقای مهدی آراز,تهران,شهریار، فاز 2 اندیشه، نبش میدان مادر,"09127160253, 09126750920",02165540720
فروشگاه آرین حفاظ,آقای مهرابی,تهران,تهران، خیابان ملت، کوچه آذرطوس، کوچه اوحدی، پاساژ موسوی، طبقه همکف، پلاک 8,09022004342,02136614871
فروشگاه اتو فجر,آقای محمد جدیدی,تهران,تهران، سهروردی شمالی، سورنا (شهید خلیل حسینی)، پلاک 89,09128909323,"02188746555, 09127728929"
فروشگاه احمدی,آقای احمدی,تهران,تهران، میدان رازی (گمرک)، اول خیابان مولوی، مقابل ایستگاه اتوبوس، پلاک 1459,09199555292,02155378892
فروشگاه استیل میت,آقای رحمانی,تهران,تهران، میدان امام خمینی، خیابان فردوسی، مجتمع تجاری 26، طبقه همکف، پلاک 8,09121935547,02166753324
فروشگاه اسپرت سنتر,آقای داوود شیردل,تهران,تهران، اول اتوبان بهشت زهرا، صالح‌آباد غربی، خیابان صاحب‌الزمان، پلاک 161,09196088501,02155547360
فروشگاه اسپرت عارفی,آقای عارفی‌نیا,تهران,جاده ساوه، سه‌راه نسیم‌شهر، بلوار امام‌ خمینی، نبش بوستان ۴,۰۹۱۲۴۰۳۵۳۶۰,
فروشگاه اسپرت معین,آقای لطفی,تهران,تهران، میدان پونک، خیابان میرزابابابی، بعد از چهارراه عدل، پلاک 43,09127062566,02144472875
فروشگاه ایمن‌کاران,آقای مهدی درخشانی,تهران,تهران، خیابان ملت، کوچه آذرطوس، نبش پاساژ نیلوفر، پلاک ۱۴,۰۹۳۵۵۱۴۴۲۱۰,02136057619
فروشگاه بهار سیستم,آقای علی جصاس,تهران,تهران، میدان امام خمینی، ابتدای فردوسی جنوبی، مجتمع تجاری ۲۶، پلاک ۱۱,09123044098,02166769352
فروشگاه تعمییرات فوق تخصصی سیستم صوتی دزدگیر مرداویچ/علیار,آقایان مرداویچ/علیار,تهران,شهر قدس، میدان 9 دی، اول بلوار حاج قاسم اصغری,,"09128686785, 09354708666"
فروشگاه جام جام شعبه 1,آقای فسنقری,تهران,تهران، تهران‌پارس، 196 شرقی، نبش تقاطع 135، پلاک 118,09194243164,02177325659
فروشگاه جهان سیستم,آقای سعید عسگری,تهران,قرچک، زیباشهر، ایستگاه ژیان، جنب خیابان 22 بهمن، پلاک 995,09128883513,021۳۶۱۱۱۳۸۳
فروشگاه حسام سیستم,آقای کیلانی,تهران,شهر ری، دولت آباد، مترو دولت آباد، انتهای بلوار قدس، نبش کوچه داوودی، روبه‌روی پارکینگ ارم، پلاک 35,09126885334,02133761710
فروشگاه دزدگیر سینا,داوود یاربی,تهران,شهر قدس، خیابان 45 متری انقلاب، خیابان دانش‌آموز، پلاک 14,,"09126028265, 02146843591"
فروشگاه دزدگیر محمد,آقای محمد نیک‌داد,تهران,تهران، میدان امام خمینی، ابتدای فردوسی جنوبی، پاساژ امام رضا، پلاک 5,09124830230,02166730797
فروشگاه دزدگیر کاوه,آقای زیارتی,تهران,شهر قدس، خیابان آزادی، سه‌راه دکتر بهشتی،  پلاک 291,09121626042,02146829282
فروشگاه رادیو اف ام,آقای تاجیک,تهران,ورامین، بلوار شهید باهنر، خیابان سیلو، رو‌به‌روی درب سیلو,09125917442,
فروشگاه شب‌نما,آقای کریم نادری,تهران,تهران، ملارد، شهرک مارلیک، بیست متری کسری، پلاک 603,09198211174,02165140029
فروشگاه صداقت,آقای محمدرضا صداقتی,تهران,تهران، تهران‌پارس، 212 شرقی، میدان تختی، خیابان امیر غربی، پلاک 93,09125362811,02177358299
فروشگاه ضرابی,آقای ضرابی,تهران,پاکدشت، دوراهی بلوار شهدای قمی شمالی، جنب نقشینه چهاردهم، پلاک 44,"09124872318, 09197397173",
فروشگاه فرهادی,آقای فرهادی,تهران,اسلامشهر، شهرک واوان، فاز یک، خیابان تهران، میدان تهران، خیابان دستغیب، جنب حمام فرهادی,09199510310,
فروشگاه قربان‌پور,آقای حمیدرضا قربان‌پور,تهران,تهران، میدان رازی (گمرک)، ضلع شمال شرقی، جنب پاساژ سپهر، پلاک 29,09123801383,02155384956
فروشگاه لوکس اسپرت سورنا,آقای محمدرضا سوری,تهران,تهران، شهرک اندیشه، فاز 1، بلوار طالقانی، نبش ارغوان سوم,09195053520,02165533428
فروشگاه لوکس اسپرت مصطفی,آقای مصطفی نصیری,تهران,شهر قدس، بلوار جمهوری، نرسیده به خیابان امیرکبیر,,09124111382
فروشگاه مانیتور یوسف,آقای جعفری,تهران,تهرانپارس، میدان شاهد، خیابان 196 شرقی، بین میدان پروین و چهارراه 131، پلاک 434,"۰۹۱۲۴۲۰۷۲۰۱, ۰۹۱۲۴۴۰۹۷۱۴",021۷۷۹۶۰۶۷۴
فروشگاه مجاز,آقای سعید حسنی,تهران,نسیم‌شهر، خیابان مدنی، پلاک 2314,09198578214,02156780939
فروشگاه مرتضوی,آقای مرتضوی,تهران,میدان امام خمینی، پاساژ 26، طبقه اول، پلاک 113,09121012608,
فروشگاه ناصر اسپرت (آقای ناصر یوسفی),با امکان نصب در محل,تهران,تهران، خیابان پیروزی، بلوار ابوذر، بین پل اول و دوم، نبش کوچه ناصری,09126117119,02133160746
فروشگاه وحید,آقای میرزائی,تهران,اسلامشهر، شهرک واوان، خیابان تهران، میدان تهران، نبش خیابان شیراز، پلاک 27,09127006419,02156172227
فروشگاه پارس اسپرت 196,آقای سجده‌ای,تهران,تهران، تهران‌پارس، میدان پروین، خیابان 196 شرقی، بین 131 و133، جنب کارواش برادران، پلاک 353,,"09195325059, 09190645815, 02177356533"
فروشگاه پارس سیستم,آقای امیرمحمد عزت‌پناهی,تهران,جاده ساوه، چهاردانگه، 50 متر جلوتر از مجتمع افشین، نرسیده به شهرک مطهری,09125335873,0215534046
فروشگاه پایونیر,آقای حضرتی,تهران,تهران، میدان امام خمینی، ابتدای فردوسی جنوبی، مجتمع تجاری ۲۶، طبقه سوم، پلاک ۳۰۵,09122138150,02166734603
فروشگاه پایونیر,آقای علیزاده,تهران,اسلامشهر، خیابان مطهری، خیابان امام حسن عسگری، پلاک 15,09125282330,02156149618
فروشگاه پایونیر (آقای رضایی),با امکان نصب در محل,تهران,شهریار، وحیدیه، بلوار امام خمینی، نبش بهارستان 25، پلاک 325,09122019963,02165635685
فروشگاه پایونیر رضایی,آقای حیدر رضایی,تهران,شهریار، وحیدیه، خیابان آیت‌الله خامنه‌ای، پلاک 104,09125606229,
فروشگاه پژواک (آقای ریش‌پور),با امکان نصب در محل,تهران,تهران، خیابان ستارخان، نرسیده به خیابان بهبودی، روبه‌روی پمپ بنزین شهر آرا، پلاک 232,"09121835092, 09123457870, 09126661974",
فروشگاه کار سیستم,آقای جاهد,تهران,خیابان ولیعصر، باغ فردوس، نبش کوچه استاد عباس کیارستمی,,02122759672
فروشگاه کویر,آقای زمانی,تهران,خیابان مولوی، بین وحدت اسلامی و ولیعصر، نبش کوچه جنتی,09370076437,02155474150
فروشگاه یدک موتور,آقای سید مجتبی میرمحمدی,تهران,تهران، خیابان مولوی، تقاطع ولیعصر، جنب اداره پست، پاساژ صفاری، پلاک 5/2,09122072219,02155381634
فروشگاه یدک موتور 2,آقای میرمحمدی,تهران,تهران، خیابان کمیل، نرسیده به کارون، نبش کوچه شاه‌محمدی,09121875131,
فروشگاه دزدگیر ماجیکار,آقای چهکندی,خراسان جنوبی,بیرجند، خیابان انقلاب، بین انقلاب 9 و 11,09153624946,05632213424
فروشگاه دزدگیر ندا,آقای کدخدایی,خراسان جنوبی,قائن، بلوار ابوطالب، نبش ابوطالب 4,09153627090,05632499047
شرکت ایمن ساز شرق,آقای ارغوانی,خراسان رضوی,مشهد، خیابان سعدی، بین سعدی 7 و 9، پلاک 44,09156151200,
فروشگاه بیس موزیک,آقای علی کریمی,خراسان رضوی,مشهد، بلوار معلم، بین معلم 26 و 28,09371507600,
فروشگاه دزدگیر نوا,آقای محسن اکبرزاده,خراسان رضوی,مشهد، خیابان معلم، بین 33 و 35,,09151118964
فروشگاه زیروسیستم,آقای مهدی شعبانی‌فر,خراسان رضوی,شهرستان فریمان، نرسیده به چهارراه ولیعصر، جنب تالار شهرزاد,,09152161260
فروشگاه سیستم‌های حفاظتی نگهبان,آقای باونگی,خراسان رضوی,چناران، خیابان طالقانی، بین طالقانی 5 و 7,,09032368046
فروشگاه کارائودیو,آقای قاسم معتمدی,خراسان رضوی,نیشابور، نبش طالقانی غربی 17,09153512231,05143353956
فروشگاه گیم آئودی (آقای صادقی),با امکان نصب در محل,خراسان رضوی,نیشابور، میدان فردوسی، بلوار سرایانی، کنار پمپ گاز یا روبه‌روی پایانه جواد الائمه,09155010574,05143334573
فروشگاه دزدگیر مدرن,آقای عین‌بیگی,خراسان شمالی,بجنورد، خیابان محمدباقر، نبش محمدباقر، پلاک 25,09151866604,
فروشگاه مهندسی چوینلی (آقای چوینلی),با امکان نصب در محل,خراسان شمالی,فاروج، شهرک محمدآباد، انتهای خیابان امام رضا 24,09152580690,
ایران حفاظ,آقای زارعی,خوزستان,اهواز، پادادشهر، خیابان 10، روبه‌روی بانک رفاه کارگران,09163097548,
تزئینات پرشین اسپرت,آقای کرد زنگنه,خوزستان,امیدیه، بلوار امام، پایین‌تر از نمایشگاه اتومبیل شهبازی,09038524486,
فروشگاه ابوذر,آقای قلاوند,خوزستان,خوزستان، اندیمشک، کوی رسالت، بلوار چمران، نبش تندگویان,09359167271,
فروشگاه بهنام,آقای فتی‌پور,خوزستان,آبادان، ایستگاه یک کوی قدس، روبه‌روی پمپ‌ بنزین هلی‌چی,09163319216,
فروشگاه دزدگیر Net,آقای بهزاد یاوری راد,خوزستان,دزفول، خیابان آفرینش، تقاطع 45 متری، پلاک 305,09196380894,06142525803
فروشگاه ساند سیتی (آقای تامرادی),با امکان نصب در محل,خوزستان,اهواز، کیان‌آباد، نبش خیابان 30 شرقی,09163042326,
مجموعه خدمات خودرویی عرب‌پور,آقای عرب‌پور,خوزستان,اهواز، کیانپارس، پهلوان غربی، جنب ایستگاه اتوبوس,"09160383039, 09169163039",
نمایندگی ردیاب خودرو,آقای فرخی,خوزستان,سربندر، بلوار خامنه‌ای، جنب پمپ CNG گاز، روبه‌روی مصالح فروشی درویشی,09358602043,
نوید اسپرت,آقای موسوی,خوزستان,اهواز، سی متری، بین اهوازیان و شمخانی، جنب گاراژ بختیاری,"09039569495, 09169145070",
کلینیک تخصصی خودرو دلفی,آقای دلفی,خوزستان,اهواز، باهنر، بلوار معلم، بین فولادشهر و بلوار مهتاب,09166439121,
کلینیک خودرو میلاد اسپرت,آقای نیایی,خوزستان,اهواز، انتهای خیابان امام شرقی، بین مهربند و سلمان فارسی، جنب مسجد مسلم ابن عقیل,"09161116383, 09371116383",
فروشگاه اسپرت 20,آقای امینی,زنجان,ابهر، انتهای طالقانی شمالی، روبه‌روی تعویض پلاک سابق,09196115891,
فروشگاه اسپرت کلاسیک,جواد تایید,زنجان,قیدار، میدان بسیج,09191452027,
فروشگاه رادیو پخش مهدی (آقای موسوی),با امکان نصب در محل,زنجان,زنجان، کوی سعیدیه، بالاتر از بیمارستان امام حسین، رو‌به‌روی مجتمع تجاری آفتاب، نمایندگی جی‌‌‌‌‌‌‌‌‌‌پی‌اس مرکزی,09124420063,
فروشگاه ریموت و دزدگیر دماوند,آقای جلیلی,زنجان,زنجان، شهرستان خرمدره، بلوار امیرکبیر، ساختمان آپادانا,09196751883,
فروشگاه سیستم‌های حفاظتی امنیتی پژواک,رسول حیدری,زنجان,طارم، شهرآب، بلوار کاظم‌پور، خیابان کشاورز,"09193428115, 09394111467",
فروشگاه تاپ اسپرت شاهرودیان,آقای شاهرودیان,سمنان,شاهرود، خیابان 15 خرداد، نبش کوچه دهم,09123731060,02332228837
فروشگاه دزدگیر برنا (آقای حیدری),با امکان نصب در محل,سمنان,دامغان، بلوار پیروزی، پایین‌تر از بانک ملی,09121312423,02335261399
فروشگاه سمن پیشرو سیستم,آقای کاشی,سمنان,سمنان، خیابان شهدا، نرسیده به سه‌راه یغما، پلاک 76,09121318969,
فروشگاه شوک,آقای عربی,سمنان,گرمسار، چهارراه سیادت، خیابان 17 شهریور غربی,09121310657,02334237054
فروشگاه کاراسپرت صداقت (آقای صداقت),با امکان نصب در محل,سمنان,سمنان، خیابان شهدا، مقابل دبیرستان امام خمینی,09122312213,02333332421
تعمیرات دزدگیر مسعود,آقای مسعود رئیسی,سیستان و بلوچستان,نیک‌شهر، بلوار امام، بعد از فروشگاه پخش مواد غذایی,09157811050,
فروشگاه تزئینات اتومبیل دبی اسپرت,آقای عبدالوحید رئیسی,سیستان و بلوچستان,چابهار، بلوار امام، جنب امام ۴۲,۰۹۱۵۱۹۵۵۲۷۲,
فروشگاه رینگ و لاستیک معلم,آقای ریگی,سیستان و بلوچستان,زابل، خیابان مدرس یکم,09359542700,
فروشگاه صوتی تصویری مدرن سیستم,آقای کبدانی,سیستان و بلوچستان,چابهار، خیابان امام خمینی 42، روبه‌روی پرده‌سرای آریا,09156413005,
فروشگاه صوتی و تصویری بابک (آقای جمالزهی),با امکان نصب در محل,سیستان و بلوچستان,خاش، خیابان انقلاب، نبش انقلاب 31,"۰۹۱۵۳۴۱۵۱۱۰, ۰۹۱۱۴۰۷‌۵۱۴۷",
فروشگاه پارسیان اسپرت (آقای فارق جمشیدزهی),با امکان نصب در محل,سیستان و بلوچستان,ایرانشهر، خیابان مولوی، جنب مولوی ۱۷,۰۹۳۸۸۲۴۱۰۰۲,۰۵۴۳۷۲۲۲۳۰۰
نمایندگی میرکازهی (آقای میرکازهی),با امکان نصب در محل,سیستان و بلوچستان,زاهدان، بلوار طباطبایی 4، روبه‌روی لوازم یدکی صداقت,09159501227,
تزئینات اتومبیل حمید,آقای جعفری,فارس,فارس، زرین‌دشت، حاجی‌آباد,09171309059,07153726094
تزئینات نایس,آقای جعفری,فارس,جهرم، خیابان سپاه,09179916011,
فروشگاه تزئینات مرکزی (آقای پوراحمد),با امکان نصب در محل,فارس,فسا، میدان شاهزاده قاسم,09177310987,
فروشگاه تزئینات نوید,آقای افراسیابی,فارس,شیراز، خیابان نادر (انقلاب اسلامی)، نبش کوچه 31,"09177005049, 09171164565",
فروشگاه رایانه گستر,آقای یوسفی,فارس,شهرستان خنج، میدان گلستان، مجتمع تجاری پارمیس، پلاک 4,09177823893,07152621720
فروشگاه پارس حفاظ,آقای محمدعلی صحرانورد,فارس,داراب، خیابان سلمان فارسی، جنب پل زیرگذر,09171343606,
فروشگاه عصر موج,آقای عظیمی,قزوین,قزوین، میدان میرعماد، ساختمان میرعماد,09121822560,02833327278
فروشگاه کلاسیک سیستم,آقای شکرگزار,قزوین,قزوین، آبیک، جنب فرمانداری,09121816986,02832893060
گروه بازرگانی دی‌جی اسپرت (آقای شویکلو),با امکان نصب در محل,قزوین,قزوین، مینودر، مالکانه، خیابان بدر شرقی، نبش کوچه‌ بدر 6، پلاک 3,09196629295,02833794508
فروشگاه صدرا سیستم (آقای صفایی),با امکان نصب در محل,قم,قم ، ۲۴ متری شهیدان حسنی بعد از کوی ۱۴,09122530384,
نصاب,آقای محسن اکبریان,قم,قم، خیابان توحید، نبش کوچه ۲۲، اسپرت حافظ,۰۹۱۲۷۵۱۴۴۹۱,
فروشگاه امیر,آقای خدادادی,لرستان,بروجرد، چهارراه رودکی، به سمت میدان تهنیت، بعد از دبیرستان 15 خرداد,,09366901794
فروشگاه رادیو پخش سالاری (آقای سالاری),با امکان نصب در محل,لرستان,خرم‌آباد، خیابان انقلاب، نرسیده به سه‌راه اسدآبادی، سمت چپ، رادیو پخش سالاری,09163606141,
فروشگاه سناتور (آقای دارابی),با امکان نصب در محل,لرستان,خرم‌آباد، شریعتی، بالاتر از راهنمایی رانندگی، نرسیده به پمپ بنزین قاضی,09166609642,06633400370
فروشگاه محافظ امنیت,آقای شکیبا,لرستان,بروجرد، میدان تهنیت، روبه‌روی درب کوچک بهشت شهدا,,"09370220404, 09355664870"
فروشگاه ایمن گارد اسپرت,آقای رامین مصطفی‌زاده,مازندران,بابل، میدان کشوری، به‌سمت میدان نوروزی، بین خداداد ۱۵ و ۱۷,۰۹۱۱۱۱۷۲۶۳۰,01132250277
فروشگاه ایمن‌سازان هوشمند,آقای اسلامی,مازندران,ساری، میدان شهدا، خیابان ملا مجدالدین 2، پشت مصلی، جنب مدرسه دخترانه شاهد,09373889214,01133207678
فروشگاه بابل دزدگیر,آقای ژنده‌پیل,مازندران,بابل، میدان 6 بهمن، روبه‌روی مسجد رانندگان، نبش هادی 5,09112140711,01132294486
فروشگاه تزئینات اتومبیل آقای اسپرت,آقای اسدی,مازندران,آمل، بلوار بسیج، جنب لاله ۲۰,۰۹۱۱۸۹۴۱۷۰۱,۰۱۱۴۳۲۹۲۲۱۲
فروشگاه تزئینات اتومبیل تک اسپرت,آقای رحیم‌پور,مازندران,بابلسر، چهار راه مسجد جامع، ابتدای خیابان جباری ۳,09117799209,01135332059
فروشگاه تزئینات اتومبیل عباسپور,آقای عباسپور,مازندران,بابل، موزیرج، بین ارشاد 21 و 23,09113149646,01132042816
فروشگاه حفاظ سیستم,آقای بابایی‌زاده,مازندران,نکاء، روبه‌روی پمپ بنزین شماره 2,09365711308,
فروشگاه حفاظ ویژن (نماینده پخش),آقای عنایتی,مازندران,قائم‌شهر، خیابان شهید مسعود دهقان، روبه‌روی کوچه لاله ۲۰,09114090095,۰۱۱۴۲۲۴۲۸۲۹
فروشگاه حفاظتی قائم,آقای بناری,مازندران,ساری، بلوار داراب، بین حافظ و سعدی، جنب فروشگاه جهان باطری,09118228900,01113312106
فروشگاه حفاظتی چیتا,آقای یوسفی,مازندران,جویبار، خیابان امام، روبه‌روی کوچه دادگستری,09119246994,01142530070
فروشگاه دزدگیر آژیران,آقای ابراهیمی,مازندران,قائم‌شهر، نرسیده به میدان امام، زیر پل عابر پیاده، 16 متری دوم,09113240542,01142241089
فروشگاه دزدگیر ایمن ساز,آقای دشتی,مازندران,آمل، خیابان هراز، بین آفتاب 43 و 45,09111271673,
فروشگاه دزدگیر کیا,آقای کیایی,مازندران,سرخ‌رود، روبه‌روی پمپ بنزین,09112128291,
فروشگاه صوتی تصویری ایران سیستم,آقای سهراب‌پور,مازندران,نکا، خیابان راه‌آهن، چهارراه نارنج باغ، به‌سمت ایستگاه راه‌آهن,۰۹۳۰۷۳۵۳۲۹۰,۰۱۱۳۴۷۳۲۹۱۱
فروشگاه صوتی تصویری پایونیر,آقای محسن‌زاده,مازندران,فریدون‌کنار، خیابان شهدا، روبه‌روی شهدا 9,09113144876,
فروشگاه مؤسسه حفاظتی شایان,آقای علی اکبر رسولی‌نژاد,مازندران,نوشهر، خیابان بهار آزادی، کوی شفق,09123073454,01152337900
فروشگاه پرتو سیستم خزر,رضا رضایی,مازندران,بهشهر، خیابان امام، پاساژ قاسمیان، طبقه 3,,"09358610911, 01144400380"
موسسه حفاظتی آرشام,آرش عزیزی,مازندران,قائم‌شهر، خیابان تهران، جنب البرز,"09365005141, 09111298736",
سیستم ردیاب  آریانا 1,محمد زند,مرکزی,اراک .خیابان شریعتی  ساختمان موج,"09183646972, 09913030820",
سیستم ردیاب آریانا 2,محمد زند,مرکزی,اراک شهرک خودرو .پردیس 4  واحد 105,"09183646972, 09913030820",
صوتی تصویری برادران رحیمی,آقای رحیمی,مرکزی,ساوه، میدان فلسطین، خیابان شریعتی 28,09382460030,08642241095
فروشگاه پاداشی (آقای پاداشی),با امکان نصب در محل,مرکزی,دلیجان، خیابان امام، رو به روی شهرداری سابق,09188664723,08644244050
تزئینات اتومبیل وهاب,آقای لشکری,هرمزگان,بندر جاسک، خیابان غدیر,09177660107,07642520559
فروشگاه تزئینات اتومبیل اسپرت کار هرمز (آقای هوشمند),با امکان نصب در محل,هرمزگان,بندرعباس، بلوار امام خمینی، روبه‌روی سپاه امام سجاد,"09176501746, 09178817565",07633332818
فروشگاه تزئینات اتومبیل خادمی,آقای خادمی,هرمزگان,میناب، بلوار ولیعصر، 100 متری فلکه جهله,09366214399,
فروشگاه خدمات برق فروزان,آقای فروزان,هرمزگان,لار، شهر قدیم، فلکه موشکی، جنب قنادی نخل,09037401933,
فروشگاه اسپرت مهدی,آقای محمود زوراوند,همدان,همدان، میدان فردوسی، بلوار چیتسازیان، پلاک 135 و 137,"09184421200, 09183084383",
فروشگاه جهان اسپرت,آقای مهدی بیات,همدان,همدان، بلوار جانبازان، روبه‌روی هتل سفیر,09189034503,
فروشگاه فیاض اسپرت,آقای پژمان‌فر,همدان,همدان، بلوار جانبازان,09181110790,
فروشگاه لوکس اسپرت ایران 18,آقای خضریان,همدان,همدان، بلوار جانبازان، پایین‌تر از انتقال خون,09182141500,
فروشگاه میلاد سیستم,آقای میلاد محمدی,همدان,کبودرآهنگ ، خیابان باهنر، روبه‌روی فرش حضرتی,09197163151,
لوکس اسپرت مدنو (آقای شریفی),با امکان نصب در محل,همدان,همدان، میدان شاهد، خیابان رازی، بالاتر از فروشگاه طبیعت، عقب‌نشینی دوم، روبه‌روی بیمه کوثر,"09033334548, 09033334845",
مجموعه میلاد سیستم (آقای میلاد بداغی),با امکان نصب در محل,همدان,همدان، بلوار جانبازان، نبش کوچه جلوه,09185046568,08134244004
پخش نائینی,آقای نائینی,همدان,همدان، بلوار بهادربیگی، کوچه محمدی، پلاک 17,09181111210,08134248046
فروشگاه تک اسپرت,آقای محمد فتاحی,چهارمحال و بختیاری,شهرکرد، خیابان فردوسی جنوبی، نبش کوچه 19,,"09133833136, 03832277546"
فروشگاه دزدگیر پرشیا (آقای حسین کریمی),با امکان نصب در محل,چهارمحال و بختیاری,فرخ‌شهر، بلوار هفت تیر، بالاتر از تقاطع خیابان شهید دانشور,09132843603,۰۳۸۳۲۴۲۷۱۴۱
شرکت پخش قطعات یدکی اسپرت مسعود (آقای خادمی),با امکان نصب در محل,کردستان,بانه، شهرک صنعتگران 1805، فاز یک، پلاک 382,09183846804,
فروشگاه ایران بیس,آقای زندی,کردستان,سنندج، بلوار 28 دی، روبه‌روی استادیوم ملک‌نیا,09188712062,09184461956
فروشگاه خدمات برق اتومبیل رحیمی,آقای رحیمی,کردستان,سقز، شهرک دانشگاه، بالاتر از دانشگاه آزاد، جنب تعویض پلاک,09192548502,
فروشگاه نگهبان سیستم,آقای دهقان,کردستان,بلوار سید محمد پاک‌نژاد، داخل کوچه مسجد پیرحسین,09131536741,03537266820
دزدگیر اطمینان,آقای پورعلیدادی,کرمان,کرمان، کهنوج، خیابان ولیعصر,۰۹۱۳۹۲۹۱۲۷۵,
دزدگیر مصطفی,آقای ایزدی,کرمان,زرند، بلوار طالقانی، بعد از کوچه 3، جنب نانوایی,09137202606,
شرکت فنی مهندسی آذر مهر عابدینی,آقای عابدینی,کرمان,رفسنجان، خیابان شهید مطهری، رو‌به‌روی بانک صادرات,09133913437,03434321702
فروشگاه اسپرت احمدی,آقای احمدی,کرمان,کرمان، خیابان خواجو، کوچه ۲۹، بعد از نمایندگی سایپا,09133400720,
فروشگاه تزئینات اتومبیل شهریاری,آقای شهریاری,کرمان,کرمان، راور، چهارراه قدس، اول خیابان مرات,09139387005,
فروشگاه خدمات فنی ملک,آقای حاج ملک,کرمان,کرمان، خیابان خواجو، روبه‌روی بنیاد مسکن,09133419234,
فروشگاه دایان,آقای زارع منصوری,کرمان,کرمان، خیابان خواجو، نبش کوچه 38,09178605727,
فروشگاه دزدگیر سیستم حرفه‌ای,آقای فرامرزپور,کرمان,بم، بلوار جمهوری، نبش کوچه 6,09131446823,
فروشگاه مرکزی تزئینات اتومبیل ستوده,آقای ستوده,کرمان,کرمان، سیرجان، بلوار سیدجمال الدین اسدآبادی، حدفاصل سه‌راهی کرمان,09133473966,03442335335-6
فروشگاه نوین,آقای رضایی,کرمان,کرمان، خیابان ابوذر شمالی، نبش کوچه 38,09133405189,03432517840
فروشگاه پاسارگاد,آقای زند وکیلی,کرمان,کرمان، پارک مطهری، ابتدای مطهری غربی، روبه‌روی کارواش استقلال,۰۹۱۳۵۳۲۶۲۸۲,
نمایندگی JVC,آقای رئیسی,کرمان,جیرفت، حدفاصل چهارراه افضل و امور آب قدیم,09131489262,
فروشگاه ارشاد (آقای قمشه),با امکان نصب در محل,کرمانشاه,کرمانشاه، خیابان ارشاد شرقی، پلاک 71,"09188575660, 09368315375",08338257047
بازرگانی میری (نماینده ویژه استان آقای میری),با امکان نصب در محل,گلستان,گرگان، کمربندی، جنب رستوران اکبرجوجه,09119003039,01732430916
رادیو سعید,آقای رائجی,گلستان,گرگان، خیابان ولیعصر، ابتدای 30 متری چاله باغ، بین قدس 15 و 17,09112750646,01732354192
فروشگاه خدمات حفاظتی دژ (آقای نوری),با امکان نصب در محل,گلستان,آق قلا، خیابان امام، جنب هلال احمر,09119637094,01734537930
فروشگاه امید,آقای پورسلیمی,گیلان,لاهیجان، نبش طالقانی 7,09111413351,01342339095
فروشگاه تکنو سیستم,آقای نقی پور,گیلان,بندرانزلی، میان‌پشته، رو‌به‌روی اداره قند و شکر,09113811467,01344511048
فروشگاه دزدگیر عباد,آقای زین‌العابدین‌پور,گیلان,لنگرود، خیابان سعدی، روبه‌روی تالار مهدی، جنب بریدگی، دزدگیر عباد,09113425753,
فروشگاه دنیای دزدگیر رضا (آقای رهنورد),با امکان نصب در محل,گیلان,رشت، بلوار امام رضا، ابتدای آزاد,09119321705,01333823923
موسسه حفاظتی پارسیان,آقای خانلری,گیلان,رشت، میدان جانبازان، بلوار امام رضا، بعد از ترمینال خط کناره، رو‌به‌روی مجتمع پزشکی امام رضا,09113932600,01333837305
